city,lat,lng,country,population,population_proper
Manila,14.6,120.9833,Philippines,23088000,1780148
Quezon City,14.6333,121.0333,Philippines,2936116,2936116
Davao,7.0667,125.6,Philippines,1632991,1632991
Caloocan City,14.65,120.9667,Philippines,1583978,1583978
Cebu City,10.3,123.9,Philippines,922611,922611
Zamboanga City,6.9167,122.0833,Philippines,861799,861799
Taguig City,14.5167,121.05,Philippines,804915,804915
Antipolo,14.5842,121.1763,Philippines,776386,776386
Pasig City,14.575,121.0833,Philippines,755300,755300
Cagayan de Oro,8.4833,124.65,Philippines,675950,675950
City of Parañaque,14.4667,121.0167,Philippines,665822,665822
Dasmariñas,14.3294,120.9367,Philippines,659019,659019
Valenzuela,14.7,120.9833,Philippines,620422,620422
Bacoor,14.4624,120.9645,Philippines,600609,600609
General Santos,6.1167,125.1667,Philippines,594446,594446
Las Piñas City,14.45,120.9833,Philippines,588894,588894
Makati City,14.55,121.0333,Philippines,582602,582602
San Jose del Monte,14.8139,121.0453,Philippines,574089,574089
Bacolod,10.6765,122.9509,Philippines,561875,561875
Muntinlupa City,14.3833,121.05,Philippines,504509,504509
City of Calamba,14.2167,121.1667,Philippines,454486,454486
Marikina City,14.65,121.1,Philippines,450741,450741
Iloilo,10.7167,122.5667,Philippines,447992,447992
Pasay City,14.55,121,Philippines,416522,416522
Angeles City,15.1472,120.5847,Philippines,411634,411634
Lapu-Lapu City,10.3127,123.9488,Philippines,408112,408112
Imus,14.4297,120.9367,Philippines,403785,403785
Mandaluyong City,14.5833,121.0333,Philippines,386276,386276
Rodriguez,14.7167,121.1167,Philippines,369222,369222
Malabon,14.6625,120.9567,Philippines,365525,365525
Mandaue City,10.3333,123.9333,Philippines,362654,362654
Santa Rosa,14.3167,121.1167,Philippines,353767,353767
Baguio City,16.4152,120.5956,Philippines,345366,345366
Iligan,8.2333,124.25,Philippines,342618,342618
Tarlac City,15.4802,120.5979,Philippines,342493,342493
Butuan,8.9534,125.5288,Philippines,337063,337063
Biñan,14.3333,121.0833,Philippines,333028,333028
Lipa City,13.9411,121.1622,Philippines,332386,332386
Batangas,13.75,121.05,Philippines,329874,329874
San Pedro,14.3583,121.0583,Philippines,325809,325809
Cainta,14.5667,121.1167,Philippines,322128,322128
Taytay,14.5692,121.1325,Philippines,319104,319104
General Trias,14.3833,120.8833,Philippines,314303,314303
Cabuyao,14.275,121.125,Philippines,308745,308745
San Fernando,15.0333,120.6833,Philippines,306659,306659
Cabanatuan City,15.4833,120.9667,Philippines,302231,302231
Cotabato,7.2167,124.25,Philippines,299438,299438
Binangonan,14.4514,121.1919,Philippines,282474,282474
Lucena,13.9333,121.6167,Philippines,266248,266248
San Pablo,14.07,121.325,Philippines,266068,266068
Tagum,7.4478,125.8078,Philippines,259444,259444
Santa Maria,14.8183,120.9563,Philippines,256454,256454
Puerto Princesa,9.75,118.75,Philippines,255116,255116
San Mateo,14.6969,121.1219,Philippines,252527,252527
Malolos,14.8433,120.8114,Philippines,252074,252074
Mabalacat,15.2167,120.5833,Philippines,250799,250799
Navotas,14.6667,120.9417,Philippines,249463,249463
Silang,14.2306,120.975,Philippines,248085,248085
Tacloban,11.2444,125.0039,Philippines,242089,242089
Olongapo,14.8333,120.2833,Philippines,233040,233040
Talisay,10.25,123.8333,Philippines,227645,227645
Tanza,14.3944,120.8531,Philippines,226188,226188
Marilao,14.7581,120.9481,Philippines,221965,221965
Ormoc,11.0167,124.6167,Philippines,215031,215031
Meycauayan,14.7333,120.95,Philippines,209083,209083
Marawi City,8,124.3,Philippines,201785,201785
Pagadian,7.8333,123.4333,Philippines,199060,199060
Legazpi City,13.1333,123.7333,Philippines,196639,196639
Naga City,13.6167,123.1667,Philippines,196003,196003
Valencia,7.9,125.0833,Philippines,192993,192993
San Carlos City,15.9281,120.3489,Philippines,188571,188571
Panabo,7.3,125.6833,Philippines,184599,184599
Calbayog City,12.0667,124.6,Philippines,183851,183851
Kabankalan,9.9833,122.8167,Philippines,181977,181977
Santo Tomas,14.0833,121.1833,Philippines,179844,179844
Koronadal,6.5,124.85,Philippines,174942,174942
Malaybalay,8.1575,125.1278,Philippines,174625,174625
Tanauan,14.0833,121.15,Philippines,173366,173366
Dagupan City,16.0333,120.3333,Philippines,171271,171271
Bago,10.5388,122.8384,Philippines,170981,170981
Toledo,10.3833,123.65,Philippines,170335,170335
Digos,6.75,125.35,Philippines,169393,169393
Sorsogon,12.9667,124,Philippines,168110,168110
Roxas City,11.5833,122.75,Philippines,167003,167003
Lubao,14.9333,120.6,Philippines,160838,160838
Trece Martires City,14.2833,120.8667,Philippines,155713,155713
General Mariano Alvarez,14.3,121,Philippines,155143,155143
Cadiz,10.95,123.3,Philippines,154723,154723
Mexico,15.0667,120.7167,Philippines,154624,154624
Pikit,7.05,124.6667,Philippines,154441,154441
Concepcion,15.3249,120.6554,Philippines,154188,154188
Surigao,9.7833,125.4833,Philippines,154137,154137
San Miguel,15.1458,120.9783,Philippines,153882,153882
Tuguegarao,17.6167,121.7167,Philippines,153502,153502
Polomolok,6.2167,125.0667,Philippines,152589,152589
Midsayap,7.1917,124.5333,Philippines,151684,151684
Baliuag,14.95,120.9,Philippines,149954,149954
Sariaya,13.9667,121.5333,Philippines,148980,148980
Sagay,10.9,123.4167,Philippines,146264,146264
Ilagan,17.1333,121.8833,Philippines,145568,145568
San Jose,12.3528,121.0676,Philippines,143430,143430
Ozamiz City,8.15,123.85,Philippines,141828,141828
Mati,6.95,126.2333,Philippines,141141,141141
Capas,15.3312,120.5898,Philippines,140202,140202
Kidapawan,7.0083,125.0894,Philippines,140195,140195
San Jose,15.7833,121,Philippines,139738,139738
Danao,10.5333,123.9333,Philippines,136471,136471
Santiago,16.6833,121.55,Philippines,134830,134830
Nasugbu,14.0667,120.6333,Philippines,134113,134113
Calapan,13.3667,121.2,Philippines,133893,133893
Tabaco,13.35,123.7333,Philippines,133868,133868
Arayat,15.1493,120.7692,Philippines,133492,133492
Urdaneta,15.9761,120.5711,Philippines,132940,132940
San Carlos,10.4929,123.4095,Philippines,132536,132536
Minglanilla,10.245,123.7964,Philippines,132135,132135
Consolacion,10.4,123.95,Philippines,131528,131528
Dumaguete City,9.3103,123.3081,Philippines,131377,131377
Dipolog,8.5667,123.3333,Philippines,130759,130759
Malasiqui,15.9167,120.4167,Philippines,130275,130275
Hagonoy,14.8333,120.7333,Philippines,129807,129807
Calabayan,16.7667,121.7833,Philippines,129523,129523
La Trinidad,16.4621,120.5877,Philippines,129133,129133
Mariveles,14.4333,120.4833,Philippines,127536,127536
Silay,10.8,122.9667,Philippines,126930,126930
Daraga,13.1619,123.6939,Philippines,126595,126595
Jolo,6.05,121,Philippines,125564,125564
Floridablanca,14.9333,120.5,Philippines,125163,125163
Talavera,15.5839,120.9189,Philippines,124829,124829
Gingoog,8.8167,125.1,Philippines,124648,124648
Porac,15.0719,120.5419,Philippines,124381,124381
San Juan,14.6,121.0333,Philippines,122180,122180
San Fernando,16.6167,120.3167,Philippines,121812,121812
Bocaue,14.8,120.9333,Philippines,119675,119675
Carcar,10.1167,123.6333,Philippines,119664,119664
Poblacion,10.4167,123.9667,Philippines,118753,118753
Santo Tomas,7.5333,125.6167,Philippines,118750,118750
Guimba,15.6581,120.7689,Philippines,118655,118655
Glan,5.8167,125.2,Philippines,118263,118263
Bayawan,9.3667,122.8,Philippines,117900,117900
Tanay,14.4972,121.2864,Philippines,117830,117830
Malita,6.4,125.6,Philippines,117746,117746
Santa Cruz,14.2833,121.4167,Philippines,117605,117605
Candelaria,13.9311,121.4233,Philippines,117434,117434
Guagua,14.9667,120.6333,Philippines,117430,117430
Rosario,13.846,121.206,Philippines,116764,116764
Naga,10.2167,123.75,Philippines,115750,115750
Angono,14.5234,121.1536,Philippines,113283,113283
Magalang,15.2167,120.6667,Philippines,113147,113147
City of Isabela,6.7,121.9667,Philippines,112788,112788
Los Baños,14.1667,121.2167,Philippines,112008,112008
Iriga City,13.4167,123.4167,Philippines,111757,111757
Candaba,15.0933,120.8283,Philippines,111586,111586
Naic,14.3167,120.7667,Philippines,111454,111454
Ligao,13.2167,123.5167,Philippines,111399,111399
Norzagaray,14.9167,121.05,Philippines,111348,111348
Laoag,18.1951,120.5918,Philippines,111125,111125
Rosario,14.4167,120.85,Philippines,110706,110706
Tabuk,17.45,121.4583,Philippines,110642,110642
Gapan,15.3075,120.9453,Philippines,110303,110303
Baybay,10.6833,124.8,Philippines,109432,109432
Calumpit,14.9167,120.7667,Philippines,108757,108757
Libmanan,13.7,123.0667,Philippines,108716,108716
San Juan,13.826,121.396,Philippines,108585,108585
Apalit,14.9496,120.7587,Philippines,107965,107965
Plaridel,14.8869,120.8569,Philippines,107805,107805
Himamaylan,10.1,122.8667,Philippines,106880,106880
Dinalupihan,14.8833,120.4667,Philippines,106371,106371
Mangaldan,16.07,120.4025,Philippines,106331,106331
Tagbilaran City,9.65,123.85,Philippines,105051,105051
Daet,14.1167,122.95,Philippines,104799,104799
Subic,14.9,120.2333,Philippines,104771,104771
San Ildefonso,15.0789,120.9419,Philippines,104471,104471
Samal,7.05,125.7333,Philippines,104123,104123
Quezon,7.7333,125.1,Philippines,104116,104116
Catbalogan,11.7833,124.8833,Philippines,103879,103879
Maluñgun,6.2667,125.2833,Philippines,103604,103604
Lingayen,16.0167,120.2333,Philippines,103278,103278
Bayugan,8.7143,125.7481,Philippines,103202,103202
Naujan,13.3233,121.3028,Philippines,102998,102998
Cavite City,14.4833,120.9,Philippines,102806,102806
Talisay,10.7333,122.9667,Philippines,102214,102214
Cawayan,9.9667,122.6167,Philippines,102165,102165
Maramag,7.7667,125,Philippines,102089,102089
Bongao,5.0292,119.7731,Philippines,100527,100527
Manolo Fortich,8.3697,124.8644,Philippines,100210,100210
Bulan,12.6714,123.875,Philippines,100076,100076
Tayabas,14.0167,121.5833,Philippines,99779,99779
Guiguinto,14.8333,120.8833,Philippines,99730,99730
Tiaong,13.95,121.3167,Philippines,99712,99712
Sindangan,8.2333,123,Philippines,99435,99435
Tacurong,6.6833,124.6667,Philippines,98316,98316
Carmona,14.3167,121.05,Philippines,97557,97557
Pulilan,14.902,120.849,Philippines,97323,97323
Balanga,14.6833,120.5333,Philippines,96061,96061
Guihulñgan,10.1167,123.2667,Philippines,95969,95969
Carmen,7.2,124.7833,Philippines,95921,95921
Masbate,12.3667,123.6167,Philippines,95389,95389
Sultan Kudarat,7.2333,124.25,Philippines,95201,95201
Lopez,13.884,122.2604,Philippines,95167,95167
Calasiao,16.0167,120.3667,Philippines,95154,95154
M’lang,6.95,124.8833,Philippines,95070,95070
Monkayo,7.8167,126.05,Philippines,94908,94908
San Rafael,14.95,120.9667,Philippines,94655,94655
Bislig,8.1833,126.35,Philippines,94535,94535
Escalante,10.8333,123.5,Philippines,94070,94070
Catarman,12.45,124.65,Philippines,94037,94037
Lemery,13.9167,120.8833,Philippines,93157,93157
Paniqui,15.6667,120.5833,Philippines,92606,92606
Bauan,13.7917,121.0085,Philippines,91297,91297
Santa Cruz,6.8333,125.4167,Philippines,90987,90987
Balayan,13.9333,120.7333,Philippines,90699,90699
Isulan,6.6333,124.6,Philippines,90682,90682
Palimbang,6.2167,124.2,Philippines,90424,90424
Alaminos,16.1553,119.9808,Philippines,89708,89708
Pili,13.5833,123.3,Philippines,89545,89545
Parang,7.3744,124.2686,Philippines,89194,89194
Kabacan,7.1167,124.8167,Philippines,89161,89161
Oton,10.6931,122.4736,Philippines,89115,89115
Pandi,14.8667,120.95,Philippines,89075,89075
Salaman,6.6333,124.0667,Philippines,88868,88868
Polangui,13.2922,123.4856,Philippines,88221,88221
Victorias,10.9,123.0833,Philippines,87933,87933
Gerona,15.6,120.6,Philippines,87531,87531
Compostela,7.6667,126.0833,Philippines,87474,87474
Balamban,10.4667,123.7833,Philippines,87177,87177
Pinamalayan,13,121.4167,Philippines,86172,86172
Aroroy,12.5125,123.3989,Philippines,86168,86168
Pongotan,7.15,125.95,Philippines,85899,85899
Hinigaran,10.2667,122.85,Philippines,85602,85602
Maasin,10.1333,124.85,Philippines,85560,85560
Surallah,6.3667,124.7333,Philippines,84539,84539
Daanbantayan,11.3333,124.0167,Philippines,84430,84430
Banga,6.3,124.7833,Philippines,83989,83989
Nabua,13.4083,123.375,Philippines,83874,83874
Makilala,6.9667,125.0833,Philippines,83851,83851
Kawit,14.4333,120.9,Philippines,83466,83466
Camiling,15.7,120.4167,Philippines,83248,83248
Sablayan,12.837,120.7829,Philippines,83169,83169
Binmaley,16.0323,120.269,Philippines,83052,83052
Calabanga,13.7167,123.2333,Philippines,83033,83033
San Fabian,16.15,120.45,Philippines,83025,83025
Baggao,17.8894,121.8709,Philippines,82782,82782
Prosperidad,8.6057,125.9153,Philippines,82631,82631
Solana,17.65,121.6833,Philippines,82502,82502
Dapitan,8.6549,123.4243,Philippines,82418,82418
Guinobatan,13.1833,123.6,Philippines,82361,82361
Nabunturan,7.6078,125.9664,Philippines,82234,82234
Bolinao,16.3333,119.8833,Philippines,82084,82084
Santa Barbara,16.0031,120.4008,Philippines,82012,82012
Calaca,13.9667,120.8,Philippines,81859,81859
Science City of Muñoz,15.7167,120.9,Philippines,81483,81483
Murcia,10.6,123.0333,Philippines,81286,81286
Maco,7.3619,125.8553,Philippines,81277,81277
Indanan,6,120.9667,Philippines,80883,80883
Calatrava,10.6,123.4833,Philippines,80624,80624
Kalibo,11.7,122.3667,Philippines,80605,80605
Passi,11.1,122.6333,Philippines,80544,80544
Tanjay,9.5167,123.1583,Philippines,80532,80532
Calauan,14.15,121.3167,Philippines,80453,80453
Alabel,6.1023,125.2868,Philippines,80359,80359
Talipao,5.976,121.1087,Philippines,80255,80255
Matalam,7.0833,124.9,Philippines,79361,79361
Echague,16.7,121.65,Philippines,79094,79094
Bantayan,11.2,123.7333,Philippines,79084,79084
Cabiao,15.25,120.85,Philippines,79007,79007
Mabinay,9.7333,122.9167,Philippines,78864,78864
Bogo,11.0167,124,Philippines,78120,78120
San Antonio,15.3833,120.8,Philippines,77836,77836
Siaton,9.0667,123.0333,Philippines,77696,77696
Buhi,13.4333,123.5167,Philippines,77143,77143
Poblacion,6.8,124.6333,Philippines,77013,77013
San Jose,13.8772,121.105,Philippines,76971,76971
Malapatan,5.9667,125.2833,Philippines,76914,76914
Bulacan,14.7928,120.8789,Philippines,76565,76565
Kapalong,7.5854,125.7052,Philippines,76334,76334
Jose Abad Santos,5.9167,125.65,Philippines,76332,76332
Bais,9.5907,123.1213,Philippines,76291,76291
Macabebe,14.9081,120.7156,Philippines,75850,75850
Santa Catalina,9.3331,122.8658,Philippines,75756,75756
Batarasa,8.6667,117.6167,Philippines,75468,75468
Libon,13.3,123.4333,Philippines,75172,75172
Taytay,10.8167,119.5167,Philippines,75165,75165
Pototan,10.95,122.6333,Philippines,75070,75070
Bauang,16.5333,120.3333,Philippines,75032,75032
Pagbilao,13.972,121.687,Philippines,75023,75023
Robles,10.35,123.0667,Philippines,74855,74855
Lamitan,6.65,122.1333,Philippines,74782,74782
Carmen,7.3606,125.7064,Philippines,74679,74679
Ipil,7.7833,122.5833,Philippines,74656,74656
Pilar,12.9333,123.6833,Philippines,74564,74564
San Francisco,8.505,125.9771,Philippines,74542,74542
Balagtas,14.8145,120.9085,Philippines,73929,73929
Gumaca,13.921,122.1002,Philippines,73877,73877
Barili,10.1167,123.5333,Philippines,73862,73862
Ubay,10.056,124.4729,Philippines,73712,73712
Virac,13.5833,124.2333,Philippines,73650,73650
Lambunao,11.05,122.4833,Philippines,73640,73640
Cabadbaran,9.1228,125.5346,Philippines,73639,73639
Umingan,15.9,120.8,Philippines,73252,73252
Mangatarem,15.7874,120.2921,Philippines,73241,73241
Narra,9.2833,118.4167,Philippines,73212,73212
Jaen,15.3333,120.9,Philippines,73184,73184
Tagoloan,8.5333,124.75,Philippines,73150,73150
Calauag,13.9575,122.2875,Philippines,73139,73139
Argao,9.8833,123.6,Philippines,72366,72366
Bongabong,12.7167,121.3667,Philippines,72073,72073
Talakag,8.2336,124.6003,Philippines,71644,71644
Alicia,16.7787,121.6972,Philippines,71504,71504
Tagaytay,14.1,120.9333,Philippines,71181,71181
Catanauan,13.5917,122.325,Philippines,71073,71073
Sipalay,9.75,122.4,Philippines,70070,70070
Tupi,6.3333,124.95,Philippines,69976,69976
Pozorrubio,16.1167,120.55,Philippines,69555,69555
Manaoag,16.0439,120.4856,Philippines,69497,69497
Santa Rosa,15.4239,120.9389,Philippines,69467,69467
Bamban,15.65,120.25,Philippines,69466,69466
Bula,13.4667,123.2833,Philippines,69430,69430
Baras,14.5167,121.2667,Philippines,69300,69300
Borongan,11.6,125.4333,Philippines,69297,69297
Dumangas,10.8333,122.7167,Philippines,69108,69108
Infanta,14.7425,121.6494,Philippines,69079,69079
Bacacay,13.2925,123.7917,Philippines,68906,68906
Carles,11.5667,123.1333,Philippines,68160,68160
Limay,14.5619,120.5983,Philippines,68071,68071
Oas,13.2589,123.4953,Philippines,67960,67960
Lala,7.9667,123.75,Philippines,67727,67727
Siasi,5.5462,120.8145,Philippines,67705,67705
Tumauini,17.2667,121.8,Philippines,67650,67650
Tinambac,13.8167,123.3333,Philippines,67572,67572
Miagao,10.6442,122.2352,Philippines,67565,67565
Dalaguete,9.7612,123.5349,Philippines,67497,67497
Bugallon,15.9167,120.1833,Philippines,67348,67348
Binalbagan,10.2,122.8667,Philippines,67270,67270
Bagumbayan,6.5339,124.5633,Philippines,67061,67061
Balingasag,8.75,124.7833,Philippines,67059,67059
Cawayan,12.0333,123.6833,Philippines,67033,67033
Talibon,10.1167,124.2833,Philippines,66969,66969
Don Carlos,7.6833,125,Philippines,66959,66959
Orani,14.8,120.5333,Philippines,66909,66909
Camalig,13.15,123.6,Philippines,66904,66904
Pigcawayan,7.2833,124.4333,Philippines,66796,66796
Brookes Point,8.7833,117.8333,Philippines,66374,66374
San Fernando,10.1667,123.7,Philippines,66280,66280
Esperanza,6.7167,124.5167,Philippines,66095,66095
Pinamungahan,10.2667,123.5833,Philippines,65955,65955
Hermosa,14.8333,120.5,Philippines,65862,65862
Lupon,6.8981,126.0096,Philippines,65785,65785
Aparri,18.355,121.6419,Philippines,65649,65649
Indang,14.2,120.8833,Philippines,65599,65599
San Pascual,13.8,121.0333,Philippines,65424,65424
Roxas,10.3333,119.3333,Philippines,65358,65358
San Leonardo,15.3667,120.9667,Philippines,65299,65299
Cuyapo,15.7833,120.6667,Philippines,65039,65039
Sipocot,13.7667,122.9833,Philippines,64855,64855
Castillejos,14.9333,120.2,Philippines,64841,64841
Pililla,14.4833,121.3,Philippines,64812,64812
Alamada,7.3868,124.5534,Philippines,64596,64596
San Mateo,16.8833,121.5833,Philippines,64505,64505
La Carlota,10.4167,122.9167,Philippines,64469,64469
Bongabon,15.6321,121.1448,Philippines,64173,64173
Rizal,15.6833,121.1667,Philippines,64087,64087
La Paz,15.4431,120.7289,Philippines,64017,64017
Janiuay,10.95,122.5,Philippines,63905,63905
Tuburan,10.7333,123.8333,Philippines,63866,63866
Pateros,14.5417,121.0667,Philippines,63840,63840
Mauban,14.1911,121.7308,Philippines,63819,63819
Victoria,15.5781,120.6819,Philippines,63715,63715
Agoo,16.322,120.3647,Philippines,63692,63692
Aliaga,15.4988,120.841,Philippines,63543,63543
Atimonan,14.0036,121.9199,Philippines,63432,63432
Hilongos,10.3667,124.75,Philippines,63431,63431
Goa,13.7,123.5,Philippines,63308,63308
Rosales,15.8944,120.6328,Philippines,63081,63081
Nagcarlan,14.1364,121.4165,Philippines,63057,63057
Lutayan,6.6,124.85,Philippines,63029,63029
Tangub,8.0667,123.75,Philippines,63011,63011
Saravia,10.8833,122.9667,Philippines,62921,62921
Kapatagan,7.9,123.7667,Philippines,62853,62853
Tigbauan,10.6747,122.3776,Philippines,62706,62706
San Jose,10.75,121.95,Philippines,62534,62534
Villasis,15.9,120.5833,Philippines,62333,62333
Patikul,6.0667,121.1,Philippines,62287,62287
Parang,5.9167,120.9167,Philippines,62172,62172
Isabela,10.2,122.9833,Philippines,62146,62146
Bay,14.1833,121.2833,Philippines,62143,62143
Lantapan,8.0005,125.0235,Philippines,61776,61776
Roxas,17.1167,121.6167,Philippines,61773,61773
Buenavista,8.9744,125.409,Philippines,61614,61614
Tuao,17.7333,121.45,Philippines,61535,61535
Bayombong,16.4833,121.15,Philippines,61512,61512
Opol,8.5167,124.5667,Philippines,61503,61503
Aurora,13.35,122.5167,Philippines,61473,61473
Laoang,12.5667,125.0167,Philippines,61359,61359
Kiamba,5.9833,124.6167,Philippines,61058,61058
Quezon,9.2333,118.0333,Philippines,60980,60980
Candon,17.2,120.45,Philippines,60623,60623
Bansalan,6.7833,125.2167,Philippines,60440,60440
Calinog,11.1333,122.5,Philippines,60413,60413
Sibalom,10.7833,122.0167,Philippines,60306,60306
Santa Barbara,10.8231,122.5344,Philippines,60215,60215
Itogon,16.3667,120.6833,Philippines,59820,59820
Poblacion,10.25,123.95,Philippines,59712,59712
Jose Pañganiban,14.3,122.7,Philippines,59639,59639
Abuyog,10.7458,125.0122,Philippines,59571,59571
Gubat,12.9167,124.1167,Philippines,59534,59534
Solano,16.5239,121.1919,Philippines,59517,59517
Maasin,5.8667,125,Philippines,59468,59468
Sibulan,9.35,123.2833,Philippines,59455,59455
Cambanugoy,7.5386,125.7508,Philippines,59322,59322
Angat,14.9281,121.0293,Philippines,59237,59237
Obando,14.7,120.9167,Philippines,59197,59197
Paracale,14.2833,122.7833,Philippines,59149,59149
Baao,13.4535,123.3654,Philippines,58849,58849
Cabatuan,10.8833,122.4833,Philippines,58442,58442
Mamungan,8.1167,124.2167,Philippines,58383,58383
Ragay,13.8183,122.7923,Philippines,58214,58214
Santa Cruz,15.7667,119.9167,Philippines,58151,58151
Morong,14.5119,121.2389,Philippines,58118,58118
Palompon,11.05,124.3833,Philippines,58108,58108
Santo Domingo,15.5833,120.8667,Philippines,57943,57943
Castilla,12.9486,123.8822,Philippines,57827,57827
Moncada,15.7333,120.5667,Philippines,57787,57787
Teresa,14.5586,121.2083,Philippines,57755,57755
Botolan,15.2896,120.0245,Philippines,57707,57707
San Remigio,11,123.95,Philippines,57557,57557
Milagros,12.2333,123.5,Philippines,57473,57473
Ilog,10.0333,122.7667,Philippines,57389,57389
Asingan,16.0023,120.6695,Philippines,57355,57355
Masantol,14.9,120.7167,Philippines,57063,57063
Jinoba-an,9.6018,122.4668,Philippines,56819,56819
Matanao,6.75,125.2333,Philippines,56755,56755
Irosin,12.7,124.0333,Philippines,56662,56662
Gattaran,18.0667,121.65,Philippines,56661,56661
Kananya,11.1833,124.5667,Philippines,56575,56575
Tulunan,6.8333,124.8833,Philippines,56513,56513
Calatagan,13.8322,120.6322,Philippines,56449,56449
Santa Cruz,13.4833,122.0333,Philippines,56408,56408
Tandag,9.0667,126.1833,Philippines,56364,56364
Taal,13.8833,120.9333,Philippines,56327,56327
Malvar,14.0417,121.1583,Philippines,56270,56270
Baganga,7.5752,126.5585,Philippines,56241,56241
Uson,12.2253,123.7834,Philippines,56168,56168
San Fernando,7.9167,125.3333,Philippines,56138,56138
Orion,14.6206,120.5817,Philippines,56002,56002
Placer,11.8667,123.9167,Philippines,55826,55826
Pavia,10.775,122.5417,Philippines,55603,55603
Basey,11.2817,125.0683,Philippines,55480,55480
Lagonoy,13.7333,123.5167,Philippines,55465,55465
Rosario,16.2333,120.4833,Philippines,55458,55458
San Mariano,16.9833,122.0167,Philippines,55370,55370
Medellin,11.1286,123.9622,Philippines,55332,55332
Tigaon,13.6333,123.5,Philippines,55272,55272
Alangalang,11.2,124.85,Philippines,55235,55235
Batac,18.0554,120.5649,Philippines,55201,55201
San Francisco,10.65,124.35,Philippines,55180,55180
Santa Ana,15.0939,120.7681,Philippines,55178,55178
Sigaboy,6.65,126.0667,Philippines,55109,55109
Tanauan,11.1167,125.0167,Philippines,55021,55021
Manapla,10.958,123.123,Philippines,54845,54845
New Corella,7.5866,125.8237,Philippines,54844,54844
Esperanza,8.676,125.6454,Philippines,54801,54801
Boac,13.45,121.8333,Philippines,54730,54730
Naval,11.5833,124.45,Philippines,54692,54692
Binalonan,16.05,120.6,Philippines,54555,54555
Mansalay,12.5204,121.4385,Philippines,54533,54533
Canlaon,10.3833,123.2,Philippines,54509,54509
Jasaan,8.65,124.75,Philippines,54478,54478
Naguilian,16.5333,120.4,Philippines,54221,54221
Barotac Nuevo,10.9,122.7,Philippines,54146,54146
San Luis,15.04,120.7919,Philippines,54106,54106
Vigan,17.5747,120.3869,Philippines,53879,53879
Magsaysay,6.7667,125.1833,Philippines,53876,53876
Santa Maria,6.55,125.4667,Philippines,53671,53671
Upi,7.0289,124.165,Philippines,53583,53583
Bambang,16.3825,121.11,Philippines,53433,53433
Hagonoy,6.6833,125.3,Philippines,53309,53309
Paombong,14.8311,120.7892,Philippines,53294,53294
Roxas,12.5833,121.5,Philippines,53201,53201
San Simon,14.998,120.78,Philippines,53198,53198
Pangantocan,7.8333,124.8333,Philippines,53126,53126
Mulanay,13.5222,122.4042,Philippines,53123,53123
Tiwi,13.4585,123.6805,Philippines,53120,53120
Guiuan,11.0333,125.7333,Philippines,52991,52991
Malay,11.9,121.9167,Philippines,52973,52973
Ibaan,13.8176,121.133,Philippines,52970,52970
San Manuel,16.0656,120.6667,Philippines,52939,52939
Burauen,10.9833,124.9,Philippines,52732,52732
Ramon,16.7833,121.5333,Philippines,52707,52707
Lian,14.0333,120.65,Philippines,52660,52660
Diffun,16.6,121.4667,Philippines,52569,52569
Minalabac,13.5667,123.1833,Philippines,52390,52390
Ajuy,11.1725,123.0196,Philippines,52268,52268
Bato,13.3561,123.3639,Philippines,52137,52137
Molave,8.0833,123.4833,Philippines,52006,52006
San Joaquin,10.6,122.0833,Philippines,51892,51892
Pontevedra,10.3667,122.8833,Philippines,51866,51866
Alfonso,14.1379,120.8552,Philippines,51839,51839
Tagkawayan,13.9667,122.5333,Philippines,51832,51832
Coron,12,120.2,Philippines,51803,51803
San Isidro,15.2667,120.9,Philippines,51612,51612
Trento,8.0459,126.0614,Philippines,51565,51565
Lucban,14.1133,121.5569,Philippines,51475,51475
Carigara,11.3,124.6833,Philippines,51345,51345
Cogan,10.5833,123.9667,Philippines,51325,51325
Tapas,11.2667,122.5333,Philippines,51313,51313
Dumanjog,10.05,123.4833,Philippines,51210,51210
Mercedes,14.1093,123.0109,Philippines,50841,50841
Aurora,7.9484,123.5819,Philippines,50755,50755
Iba,15.3333,119.9833,Philippines,50506,50506
Buenavista,10.7,122.6333,Philippines,50437,50437
Cataingan,12,123.9833,Philippines,50327,50327
Bani,16.1869,119.8592,Philippines,50306,50306
Pila,14.2333,121.3667,Philippines,50289,50289
Kitaotao,7.6397,125.0089,Philippines,50260,50260
El Salvador,8.5667,124.5167,Philippines,50204,50204
Cabagan,17.4333,121.7667,Philippines,50174,50174
Urbiztondo,15.8227,120.3295,Philippines,50170,50170
Buluan,6.7154,124.7854,Philippines,50008,50008
Leon,10.7808,122.3894,Philippines,49875,49875
Barobo,8.55,126.2,Philippines,49730,49730
Donsol,12.9167,123.6,Philippines,49711,49711
Titay,7.8682,122.5613,Philippines,49673,49673
Ibajay,11.8167,122.1667,Philippines,49564,49564
Zaragoza,15.4531,120.7911,Philippines,49387,49387
Magpet,7.1167,125.1167,Philippines,49201,49201
Kalamansig,6.5667,124.05,Philippines,49059,49059
Pasacao,13.5167,123.05,Philippines,49035,49035
Cardona,14.4861,121.2289,Philippines,49034,49034
Claveria,8.61,124.8947,Philippines,48906,48906
Kiblawan,6.6167,125.2167,Philippines,48897,48897
Libungan,7.25,124.5167,Philippines,48768,48768
Hamtic,10.7,121.9833,Philippines,48592,48592
Peñablanca,17.6333,121.7833,Philippines,48584,48584
Estancia,11.45,123.15,Philippines,48546,48546
San Narciso,13.5677,122.5667,Philippines,48461,48461
Padre Garcia,13.8833,121.2167,Philippines,48302,48302
Sibonga,10.0333,123.5667,Philippines,48186,48186
Bangued,17.5965,120.6179,Philippines,48163,48163
Poblacion,10.4667,123.9667,Philippines,47898,47898
General Tinio,15.35,121.05,Philippines,47865,47865
Amulung,17.8387,121.7235,Philippines,47860,47860
Alaminos,14.0635,121.2451,Philippines,47859,47859
Impasugong,8.3,125,Philippines,47859,47859
Asturias,10.5679,123.7172,Philippines,47857,47857
Bantacan,7.5333,126.1333,Philippines,47726,47726
Masinloc,15.5333,119.95,Philippines,47719,47719
Minalin,14.9667,120.6833,Philippines,47713,47713
Tuba,16.3167,120.55,Philippines,47648,47648
Caramoan,13.7707,123.8631,Philippines,47605,47605
President Roxas,7.1544,125.0558,Philippines,47575,47575
Santa Ignacia,15.6167,120.4333,Philippines,47538,47538
Sison,16.1667,120.5167,Philippines,47518,47518
Dumingag,8.1667,123.35,Philippines,47485,47485
Aringay,16.3982,120.3555,Philippines,47458,47458
Dulag,10.9525,125.0317,Philippines,47300,47300
Tubod,8.05,123.8,Philippines,47165,47165
Isabel,10.9333,124.4333,Philippines,46915,46915
Siocon,7.7,122.1333,Philippines,46907,46907
Pio Duran,13.0333,123.45,Philippines,46693,46693
Rosario,8.3814,126.0015,Philippines,46683,46683
San Pascual,13.1333,122.9833,Philippines,46674,46674
Norala,6.55,124.6667,Philippines,46642,46642
Mahayag,8.1333,123.3833,Philippines,46516,46516
Pontevedra,11.4833,122.8333,Philippines,46428,46428
Albuera,10.9186,124.6923,Philippines,46332,46332
Carmen,9.8167,124.2,Philippines,46306,46306
Ayungon,9.8584,123.1468,Philippines,46303,46303
Mabini,13.7167,120.9,Philippines,46211,46211
Dumarao,11.2667,122.6833,Philippines,46157,46157
Panay,11.55,122.8,Philippines,46114,46114
Ocampo,13.5594,123.3761,Philippines,45934,45934
Tibigan,9.95,123.9667,Philippines,45893,45893
Inabanga,10.0333,124.0667,Philippines,45880,45880
Wao,7.6404,124.7257,Philippines,45862,45862
Noveleta,14.4333,120.8833,Philippines,45846,45846
Barotac Viejo,11.05,122.85,Philippines,45808,45808
Jones,16.5583,121.7,Philippines,45666,45666
Dauis,9.6167,123.85,Philippines,45663,45663
Katipunan,8.5134,123.2847,Philippines,45577,45577
Odiongan,12.4,122,Philippines,45367,45367
Dingle,11.05,122.6667,Philippines,45335,45335
Talisay,14.1,121.0167,Philippines,45301,45301
Malinao,13.4,123.7,Philippines,45301,45301
Pilar,11.4833,123,Philippines,45287,45287
Guinayangan,13.9,122.45,Philippines,45155,45155
Bunawan,8.1781,125.9935,Philippines,45151,45151
Gloria,12.9167,121.4667,Philippines,45073,45073
New Washington,11.65,122.4333,Philippines,45007,45007
Sogod,10.3833,124.9833,Philippines,44986,44986
Maitum,6.0333,124.4833,Philippines,44595,44595
Talagutong,6.2667,125.6667,Philippines,44554,44554
Lal-lo,18.2,121.6667,Philippines,44506,44506
Kabasalan,7.7968,122.7627,Philippines,44336,44336
Balimbing,5.0728,119.8847,Philippines,44184,44184
Narvacan,17.4175,120.4753,Philippines,44006,44006
Libona,8.3333,124.7333,Philippines,43969,43969
Malabang,7.5903,124.0703,Philippines,43957,43957
Lupao,15.8793,120.8983,Philippines,43788,43788
Tuy,14.0167,120.7333,Philippines,43743,43743
Montevista,7.7,125.9833,Philippines,43706,43706
Veruela,8.0698,125.9554,Philippines,43706,43706
Claveria,12.9035,123.2457,Philippines,43693,43693
Banisilan,7.5,124.7,Philippines,43677,43677
Roseller Lim,7.6568,122.4701,Philippines,43646,43646
Buguias,16.7167,120.8333,Philippines,43627,43627
Vinzons,14.1833,122.9,Philippines,43485,43485
Alcala,15.8468,120.5218,Philippines,43402,43402
Tantangan,6.6167,124.75,Philippines,43245,43245
Jaro,11.1833,124.7833,Philippines,43199,43199
Concepcion,11.2,123.1,Philippines,43159,43159
Tayug,16.0267,120.7478,Philippines,43149,43149
Angadanan,16.7571,121.7479,Philippines,43061,43061
Mamburao,13.2233,120.596,Philippines,42975,42975
Cordon,16.6667,121.45,Philippines,42926,42926
Daram,11.6341,124.7947,Philippines,42879,42879
Dolores,12.05,125.4833,Philippines,42866,42866
Manay,7.2167,126.5333,Philippines,42690,42690
Loreto,8.1856,125.8538,Philippines,42501,42501
Manjuyod,9.6833,123.15,Philippines,42332,42332
Pagsanjan,14.2667,121.45,Philippines,42164,42164
Toboso,10.7167,123.5167,Philippines,42114,42114
Bacnotan,16.7333,120.3833,Philippines,42078,42078
Lower Tungawan,7.6017,122.4273,Philippines,42030,42030
Nasipit,8.9884,125.3408,Philippines,41957,41957
Villaba,11.2167,124.4,Philippines,41891,41891
Pilar,14.6667,120.5667,Philippines,41823,41823
Labangan,7.8667,123.5167,Philippines,41790,41790
Sumisip,6.4167,121.9833,Philippines,41730,41730
General Mamerto Natividad,15.6025,121.0515,Philippines,41656,41656
El Nido,11.1956,119.4075,Philippines,41606,41606
Kalilangan,7.75,124.75,Philippines,41601,41601
Santa Rita,11.4667,124.95,Philippines,41591,41591
Siay,7.7056,122.8641,Philippines,41572,41572
Lobo,13.65,121.25,Philippines,41504,41504
Aguilar,15.8899,120.2379,Philippines,41463,41463
President Quirino,6.7,124.7333,Philippines,41408,41408
Moises Padilla,10.2667,123.0833,Philippines,41386,41386
Labason,8.0667,122.5167,Philippines,41357,41357
Mandaon,12.2259,123.2842,Philippines,41262,41262
Culasi,11.4272,122.056,Philippines,41228,41228
Carranglan,15.9667,121.0667,Philippines,41131,41131
Banaybanay,6.9699,126.0126,Philippines,41117,41117
Guambog,7.3,125.85,Philippines,41102,41102
Matnog,12.5833,124.0833,Philippines,41101,41101
Palayan City,15.5333,121.0833,Philippines,41041,41041
Basud,14.0667,122.9667,Philippines,41017,41017
Pananaw,5.9833,121.25,Philippines,40998,40998
Proper Bansud,12.8333,121.3667,Philippines,40992,40992
Santa Rita,14.9953,120.6153,Philippines,40979,40979
Santo Niño,6.4333,124.6833,Philippines,40947,40947
San Jacinto,16.0725,120.4411,Philippines,40848,40848
Santa Elena,14.2,122.3833,Philippines,40786,40786
Maria Aurora,15.7967,121.4737,Philippines,40734,40734
Cateel,7.7833,126.45,Philippines,40704,40704
Maluso,6.55,121.8833,Philippines,40646,40646
Leyte,11.3667,124.4833,Philippines,40639,40639
San Jose,13.7,123.5167,Philippines,40623,40623
Quezon,15.55,120.8167,Philippines,40592,40592
Santo Tomas,14.9667,120.7167,Philippines,40475,40475
Caraga,7.3333,126.5667,Philippines,40379,40379
Panitan,11.4667,122.7667,Philippines,40289,40289
South Upi,6.8548,124.1443,Philippines,40178,40178
Balabac,7.9833,117.05,Philippines,40142,40142
Abucay,14.7222,120.5354,Philippines,39880,39880
Santa Cruz,17.0833,120.45,Philippines,39868,39868
Hinatuan,8.3667,126.3333,Philippines,39842,39842
Tucuran,7.85,123.5833,Philippines,39820,39820
Payabon,9.7667,123.1333,Philippines,39819,39819
Liloy,8.1167,122.6667,Philippines,39812,39812
Nueva Valencia,10.5259,122.5398,Philippines,39810,39810
Llanera,15.6667,121.0167,Philippines,39701,39701
Pagalungan,7.0592,124.6987,Philippines,39653,39653
Mambusao,11.4333,122.6,Philippines,39644,39644
Kibawe,7.5667,124.9833,Philippines,39612,39612
Baler,15.7583,121.5625,Philippines,39562,39562
Tampakan,6.45,124.9333,Philippines,39525,39525
Bañga,11.6333,122.3333,Philippines,39505,39505
Anda,16.2896,119.9491,Philippines,39504,39504
Bacolor,14.9984,120.6526,Philippines,39460,39460
Laurel,14.05,120.9,Philippines,39444,39444
Cabatuan,16.9589,121.6692,Philippines,39413,39413
Villanueva,8.5833,124.7833,Philippines,39378,39378
Polanco,8.5333,123.3667,Philippines,39347,39347
San Miguel,8.8833,126,Philippines,39340,39340
President Manuel Acuña Roxas,8.5196,123.2277,Philippines,39323,39323
Victoria,14.225,121.325,Philippines,39321,39321
Tagudin,16.9333,120.45,Philippines,39277,39277
Balaoan,16.8167,120.4,Philippines,39188,39188
Lasam,18.0667,121.6,Philippines,39135,39135
Bulalacao,12.3333,121.35,Philippines,39107,39107
Socorro,13.0583,121.4117,Philippines,39099,39099
Santo Tomas,16.2833,120.3833,Philippines,39092,39092
Tabogon,10.9333,124.0333,Philippines,39013,39013
Plaridel,8.6214,123.7101,Philippines,38900,38900
Gonzaga,18.2667,122,Philippines,38892,38892
Alcala,17.9031,121.659,Philippines,38883,38883
Tagbina,8.45,126.1667,Philippines,38833,38833
Mobo,12.3333,123.65,Philippines,38813,38813
San Dionisio,11.2711,123.0948,Philippines,38775,38775
Romblon,12.5789,122.2747,Philippines,38758,38758
Mambajao,9.25,124.7167,Philippines,38735,38735
Malalag,6.6,125.4,Philippines,38731,38731
Mondragon,12.5167,124.75,Philippines,38726,38726
La Libertad,10.0333,123.2167,Philippines,38602,38602
Dingras,18.1,120.7,Philippines,38562,38562
Naga,7.7887,122.6953,Philippines,38547,38547
Maddela,16.35,121.7,Philippines,38499,38499
Maayon,11.3833,122.7833,Philippines,38416,38416
Alimodian,10.8196,122.4322,Philippines,38408,38408
Talacogon,8.4488,125.7869,Philippines,38374,38374
Rizal,12.4667,120.9667,Philippines,38263,38263
Vallehermoso,10.3333,123.3167,Philippines,38259,38259
Balud,12.0369,123.1935,Philippines,38124,38124
Siniloan,14.4167,121.45,Philippines,38067,38067
Agoncillo,13.9334,120.9285,Philippines,38059,38059
Taysan,13.7833,121.2,Philippines,38007,38007
Las Navas,12.34,125.032,Philippines,37947,37947
Maimbung,5.9333,121.0333,Philippines,37914,37914
Badian,9.8694,123.3959,Philippines,37912,37912
Margosatubig,7.5783,123.1659,Philippines,37873,37873
Valladolid,10.4667,122.8333,Philippines,37833,37833
Malilipot,13.3167,123.7333,Philippines,37785,37785
Maragondon,14.2667,120.7333,Philippines,37720,37720
Kasibu,16.3167,121.2833,Philippines,37705,37705
Amadeo,14.1728,120.9277,Philippines,37649,37649
Pamplona,9.4667,123.1167,Philippines,37596,37596
Clarin,8.2,123.85,Philippines,37548,37548
Cabugao,17.8,120.45,Philippines,37501,37501
Santa Cruz,13.1167,120.85,Philippines,37484,37484
Aritao,16.2973,121.0338,Philippines,37225,37225
Baco,13.3584,121.0977,Philippines,37215,37215
San Juan,16.6667,120.3333,Philippines,37188,37188
Patnongon,10.9167,121.9833,Philippines,37176,37176
Poblacion,7.5,125.9333,Philippines,37065,37065
Mapandan,16.0167,120.45,Philippines,37059,37059
Maasin,10.8833,122.4333,Philippines,36922,36922
Rapu-Rapu,13.1833,124.1333,Philippines,36920,36920
Basilisa,10.0654,125.5968,Philippines,36880,36880
Mabuhay,7.4176,122.837,Philippines,36870,36870
San Andres,13.6,124.1,Philippines,36779,36779
San Nicolas,18.1725,120.5958,Philippines,36736,36736
Jamindan,11.4,122.5,Philippines,36677,36677
Buug,7.7333,123.0667,Philippines,36634,36634
Puerto Galera,13.5,120.9542,Philippines,36606,36606
Lilio,14.13,121.436,Philippines,36582,36582
Oras,12.1333,125.4333,Philippines,36540,36540
Bacong,9.2464,123.2948,Philippines,36527,36527
Manucan,8.5161,123.0917,Philippines,36526,36526
Nabas,11.8333,122.0833,Philippines,36435,36435
Madridejos,11.2667,123.7333,Philippines,36429,36429
Pamplona,13.6,123.0833,Philippines,36390,36390
Tambulig,8.0667,123.5333,Philippines,36160,36160
Lumba-a-Bayabao,7.8833,124.3833,Philippines,36151,36151
Jordan,10.6,122.6,Philippines,36096,36096
Batobato,6.8244,126.083,Philippines,36032,36032
Magsaysay,12.3333,121.15,Philippines,36016,36016
Alicia,7.506,122.9412,Philippines,36013,36013
Real,14.6667,121.6,Philippines,35979,35979
Mankayan,16.8667,120.7833,Philippines,35953,35953
Bangar,16.9,120.4167,Philippines,35947,35947
Enrile,17.55,121.7,Philippines,35834,35834
Luna,16.85,120.3833,Philippines,35802,35802
San Andres,13.3667,122.65,Philippines,35780,35780
Bantay,17.5833,120.3833,Philippines,35731,35731
Laur,15.5833,121.1833,Philippines,35656,35656
San Nicolas,16.07,120.7653,Philippines,35574,35574
Borbon,10.8333,124,Philippines,35526,35526
Dinas,7.6136,123.3389,Philippines,35504,35504
Bagabag,16.6044,121.2521,Philippines,35501,35501
Caluya,11.9333,121.55,Philippines,35496,35496
Tayasan,9.9167,123.15,Philippines,35470,35470
Tago,9.0211,126.2317,Philippines,35329,35329
Samal,14.7678,120.5431,Philippines,35298,35298
Buldon,7.5167,124.3667,Philippines,35282,35282
San Fernando,13.5667,123.15,Philippines,35258,35258
Dagami,11.0611,124.9031,Philippines,35147,35147
Sogod,10.75,124,Philippines,35108,35108
Aborlan,9.4386,118.5481,Philippines,35091,35091
Aurora,16.9918,121.6357,Philippines,35017,35017
Santo Domingo,13.235,123.7769,Philippines,34967,34967
Siayan,8.2519,123.1122,Philippines,34966,34966
Palauig,15.4333,120.05,Philippines,34947,34947
Valencia,9.2833,123.25,Philippines,34852,34852
Gasan,13.3167,121.85,Philippines,34828,34828
Pola,13.1439,121.44,Philippines,34701,34701
San Antonio,14.9486,120.0864,Philippines,34661,34661
Gutalac,7.9833,122.4,Philippines,34654,34654
Sibuco,7.2833,122.0667,Philippines,34620,34620
Magsaysay,9.0167,125.1833,Philippines,34605,34605
Sagnay,13.6,123.5167,Philippines,34546,34546
Gandara,12.013,124.8118,Philippines,34434,34434
Imbatug,8.3128,124.6873,Philippines,34336,34336
Pandan,11.7167,122.1,Philippines,34333,34333
Ballesteros,18.4,121.5167,Philippines,34299,34299
Palapag,12.547,125.116,Philippines,34286,34286
Dueñas,11.0667,122.6167,Philippines,34242,34242
Canaman,13.65,123.1667,Philippines,34210,34210
Tabango,11.3167,124.3667,Philippines,34195,34195
Sual,16.0667,120.1,Philippines,34149,34149
Mogpog,13.4833,121.8667,Philippines,34043,34043
Cabanglasan,8.0667,125.3167,Philippines,33997,33997
San Enrique,11.0697,122.6567,Philippines,33911,33911
Jagna,9.65,124.3667,Philippines,33892,33892
Guimbal,10.6667,122.3167,Philippines,33820,33820
Kadingilan,7.6,124.9167,Philippines,33778,33778
Olutanga,7.3106,122.8464,Philippines,33671,33671
San Marcelino,14.9742,120.1573,Philippines,33665,33665
Bugasong,11.05,122.0667,Philippines,33642,33642
Capoocan,11.2833,124.65,Philippines,33617,33617
Sulop,6.5986,125.3436,Philippines,33613,33613
Bayog,7.8474,123.0423,Philippines,33591,33591
Allacapan,18.227,121.5556,Philippines,33571,33571
Panglao,9.5833,123.75,Philippines,33553,33553
Languyan,5.2667,120.0833,Philippines,33494,33494
San Antonio,13.9,121.3,Philippines,33467,33467
Malangas,7.6263,123.034,Philippines,33380,33380
Sitangkai,4.6615,119.3919,Philippines,33334,33334
Columbio,6.7,124.9333,Philippines,33258,33258
San Luis,13.8333,120.9333,Philippines,33149,33149
Matalom,10.2833,124.8,Philippines,33121,33121
Balasan,11.4728,123.0878,Philippines,33088,33088
Pambujan,12.5667,124.9333,Philippines,33062,33062
Tobias Fornier,10.5167,121.95,Philippines,33046,33046
Santa Maria,15.9808,120.7003,Philippines,33038,33038
Catubig,12.4,125.05,Philippines,33025,33025
Marantao,7.95,124.233,Philippines,32974,32974
Munai,7.9758,124.0636,Philippines,32973,32973
Basista,15.8524,120.3976,Philippines,32959,32959
San Quintin,15.9844,120.815,Philippines,32945,32945
Medina,8.9167,125.0167,Philippines,32907,32907
Santa Ana,18.4667,122.15,Philippines,32906,32906
Casiguran,12.8667,124.0167,Philippines,32842,32842
Cuenca,13.9167,121.05,Philippines,32783,32783
Claveria,9.5667,125.7333,Philippines,32773,32773
Barugo,11.3167,124.7333,Philippines,32745,32745
Banate,11.05,122.7833,Philippines,32532,32532
Abulug,18.4441,121.4576,Philippines,32497,32497
Dao,11.3944,122.6858,Philippines,32496,32496
Leganes,10.7833,122.5833,Philippines,32480,32480
Diplahan,7.6939,122.9845,Philippines,32428,32428
Guindulman,9.762,124.488,Philippines,32408,32408
Initao,8.5,124.3167,Philippines,32370,32370
Bonifacio,8.0527,123.6136,Philippines,32345,32345
Juban,12.85,123.9833,Philippines,32320,32320
Bautista,15.7833,120.5,Philippines,32307,32307
Jalajala,14.3557,121.3233,Philippines,32254,32254
Mayantoc,15.6167,120.3833,Philippines,32232,32232
Vintar,18.225,120.65,Philippines,32220,32220
Bacarra,18.2519,120.6107,Philippines,32215,32215
Capalonga,14.3333,122.5,Philippines,32215,32215
Salug,8.1079,122.7542,Philippines,32204,32204
Lupi Viejo,13.8167,122.9,Philippines,32167,32167
Luuk,5.9676,121.3133,Philippines,32162,32162
San Luis,8.4964,125.7364,Philippines,32109,32109
Aloguinsan,10.2229,123.5491,Philippines,32100,32100
Midsalip,8.0324,123.3145,Philippines,32075,32075
Batan,11.5833,122.5,Philippines,32032,32032
Pinukpuk,17.6,121.3667,Philippines,32026,32026
Dumalinao,7.8167,123.3667,Philippines,32013,32013
Igbaras,10.7167,122.2667,Philippines,32004,32004
Trinidad,10.0795,124.3432,Philippines,31956,31956
San Remigio,10.8331,122.0875,Philippines,31935,31935
Numancia,11.7,122.3333,Philippines,31934,31934
Naguilian,17.0167,121.85,Philippines,31902,31902
San Manuel,17.0167,121.6333,Philippines,31896,31896
Balimbing,7.9,123.85,Philippines,31845,31845
Shariff Aguak,6.8647,124.4417,Philippines,31692,31692
Payao,7.5857,122.8022,Philippines,31686,31686
San Isidro,11.4167,124.35,Philippines,31641,31641
Badoc,17.9267,120.4754,Philippines,31616,31616
Kalingalan Caluang,5.8833,121.2667,Philippines,31567,31567
Mendez-Nuñez,14.1286,120.9058,Philippines,31529,31529
Laoac East,16.0333,120.55,Philippines,31497,31497
Cantilan,9.3336,125.9775,Philippines,31492,31492
Lingig,8.0381,126.4127,Philippines,31485,31485
Abra de Ilog,13.4448,120.726,Philippines,31306,31306
San Vicente,10.5333,119.2833,Philippines,31232,31232
Calubian,11.45,124.4167,Philippines,31228,31228
Simunul,4.898,119.8213,Philippines,31223,31223
Milaor,13.6,123.1833,Philippines,31150,31150
Moalboal,9.95,123.4,Philippines,31130,31130
Balungao,15.9,120.7,Philippines,31106,31106
Bauko,16.9833,120.8667,Philippines,31065,31065
Getafe,10.15,124.15,Philippines,30955,30955
Jimalalud,9.9797,123.1999,Philippines,30945,30945
Balatan,13.3167,123.2333,Philippines,30922,30922
Sapa Sapa,5.0899,120.2729,Philippines,30917,30917
Calape,9.8833,123.8833,Philippines,30863,30863
Lemery,11.2333,122.9333,Philippines,30851,30851
Santa Maria,14.475,121.425,Philippines,30830,30830
Magsingal,17.685,120.4244,Philippines,30792,30792
Lumbang,14.3,121.4667,Philippines,30652,30652
Simbahan,6.3,120.5833,Philippines,30613,30613
Cabarroguis,16.5833,121.5,Philippines,30582,30582
Polillo,14.7167,121.95,Philippines,30582,30582
San Roque,12.533,124.867,Philippines,30580,30580
Torrijos,13.3167,122.0833,Philippines,30524,30524
Catmon,10.6667,123.95,Philippines,30471,30471
Mallig,17.2,121.6167,Philippines,30459,30459
Sibagat,8.8219,125.6938,Philippines,30442,30442
Sibutu,4.85,119.4667,Philippines,30387,30387
San Jacinto,12.5667,123.7333,Philippines,30372,30372
Santa Maria,17.3667,120.4833,Philippines,30321,30321
Damulog,7.4833,124.9333,Philippines,30302,30302
Sergio Osmeña Sr,8.2988,123.5036,Philippines,30220,30220
Buguey,18.2882,121.8331,Philippines,30175,30175
Sigma,11.4214,122.6662,Philippines,30134,30134
Dimataling,7.5333,123.3667,Philippines,30081,30081
Caramoran,13.9833,124.1333,Philippines,30056,30056
Buenavista,13.7394,122.4675,Philippines,30047,30047
Talayan,6.9844,124.3564,Philippines,30032,30032
Barira,7.4833,124.3,Philippines,30004,30004
Hinunangan,10.4,125.2,Philippines,29976,29976
Talusan,7.4263,122.8084,Philippines,29969,29969
Pantabangan,15.8167,121.15,Philippines,29925,29925
Claveria,18.6,121.0833,Philippines,29921,29921
Gamu,17.05,121.8333,Philippines,29904,29904
Morong,14.68,120.2683,Philippines,29901,29901
Peñaranda,15.35,121,Philippines,29882,29882
Merida,10.9098,124.5376,Philippines,29863,29863
Calintaan,12.5756,120.9428,Philippines,29826,29826
Matanog,7.4667,124.25,Philippines,29770,29770
Dipaculao,15.9833,121.6333,Philippines,29736,29736
Alubijid,8.5714,124.4751,Philippines,29724,29724
General Nakar,14.7631,121.635,Philippines,29705,29705
President Roxas,11.43,122.93,Philippines,29676,29676
Benito Soliven,16.9833,121.95,Philippines,29624,29624
Lianga,8.633,126.0932,Philippines,29493,29493
Candijay,9.818,124.496,Philippines,29475,29475
Dumalag,11.3,122.6167,Philippines,29466,29466
Tandubas,5.134,120.3461,Philippines,29390,29390
Mataas Na Kahoy,13.9667,121.0833,Philippines,29187,29187
Balindong,7.9167,124.2,Philippines,29180,29180
Masiu,7.8167,124.3167,Philippines,29176,29176
Dasol,15.9896,119.8805,Philippines,29110,29110
Ivisan,11.5217,122.6908,Philippines,29055,29055
Pasuquin,18.3333,120.6167,Philippines,28980,28980
Tudela,8.2472,123.8424,Philippines,28932,28932
Balete,11.55,122.3833,Philippines,28920,28920
Bontoc,10.35,124.9667,Philippines,28905,28905
Dolores,14.0157,121.4011,Philippines,28891,28891
New Panamao,5.9667,121.2,Philippines,28817,28817
Siraway,7.5881,122.1424,Philippines,28799,28799
Lavezares,12.5333,124.3333,Philippines,28770,28770
Tubao,16.35,120.4167,Philippines,28729,28729
Salay,8.8667,124.8,Philippines,28705,28705
Anilao,10.9785,122.7531,Philippines,28684,28684
Santa Fe,11.15,123.8,Philippines,28603,28603
Kumalarang,7.75,123.15,Philippines,28469,28469
Manticao,8.4042,124.2867,Philippines,28422,28422
Las Nieves,8.7351,125.601,Philippines,28414,28414
Saint Bernard,10.2833,125.1333,Philippines,28395,28395
Datu Paglas,6.7669,124.85,Philippines,28387,28387
San Narciso,15.0167,120.0833,Philippines,28360,28360
Licab,15.5439,120.7634,Philippines,28254,28254
Libacao,11.4833,122.3,Philippines,28241,28241
Villareal,11.5667,124.9333,Philippines,28230,28230
La Paz,8.2801,125.8092,Philippines,28217,28217
Macalelon,13.75,122.1333,Philippines,28188,28188
Paracelis,17.2667,121.4667,Philippines,28121,28121
Agno,16.1161,119.8027,Philippines,28052,28052
Sexmoan,14.9333,120.6167,Philippines,28004,28004
Santo Domingo,17.6333,120.4083,Philippines,27975,27975
Oslob,9.55,123.4,Philippines,27893,27893
Caridad,14.4828,120.8958,Philippines,27891,27891
Pantao-Ragat,8.05,124.15,Philippines,27866,27866
Iguig,17.75,121.7333,Philippines,27862,27862
Mahaplag,10.5833,124.9833,Philippines,27823,27823
Babatngon,11.4207,124.8434,Philippines,27797,27797
Majayjay,14.1463,121.4729,Philippines,27792,27792
Aglipay,16.4889,121.5874,Philippines,27787,27787
Dauin,9.2,123.2667,Philippines,27786,27786
Pulupandan,10.5167,122.8,Philippines,27735,27735
San Miguel,10.7833,122.4667,Philippines,27686,27686
Sumilao,8.2872,124.9456,Philippines,27660,27660
Jimenez,8.3333,123.8333,Philippines,27654,27654
Aloran,8.4146,123.8228,Philippines,27625,27625
Zamboanguita,9.1167,123.2,Philippines,27552,27552
Dupax Del Norte,16.2864,121.0942,Philippines,27514,27514
San Jose,10.0083,125.5889,Philippines,27487,27487
Cuartero,11.35,122.6667,Philippines,27408,27408
Ponot,8.45,123.0333,Philippines,27388,27388
San Luis,15.7167,121.5167,Philippines,27352,27352
Lapuyan,7.6333,123.2,Philippines,27264,27264
Siquijor,9.1833,123.55,Philippines,26861,26861
Bontoc,17.0872,120.9756,Philippines,24643,24643
Padre Burgos,13.9226,121.8116,Philippines,22460,22460
Maribojoc,9.75,123.85,Philippines,20688,20688
Baclayon,9.6227,123.9135,Philippines,20591,20591
Lagawe,16.8167,121.1,Philippines,19333,19333
Tingloy,13.65,120.8667,Philippines,17919,17919
Anda,9.742,124.5737,Philippines,16462,16462
Alcantara,9.9715,123.4047,Philippines,15160,15160
Agdangan,13.8758,121.9122,Philippines,12851,12851
Perez,14.1833,121.9333,Philippines,12173,12173
Padre Burgos,10.0333,125.0167,Philippines,11091,11091
Basco,20.45,121.9667,Philippines,8579,8579
Corella,9.6833,123.9167,Philippines,8479,8479
Sikatuna,9.6833,123.9667,Philippines,6726,6726
Oroquieta,8.4859,123.8048,Philippines,,
Kabugao,18.0231,121.184,Philippines,,
Santa Cruz,14.1167,121.2833,Philippines,,
Koronadal,6.2541,124.9922,Philippines,,
San Jose,10.18,125.5683,Philippines,,
Tabuk,17.4084,121.2785,Philippines,,
Pili,13.7177,123.7448,Philippines,,
Madridejos,9.7912,123.3462,Philippines,,
